Workbook

Sheet Summary
B1: Irrigation Inspection Report Summary
F4: Site Name:
F5: Irrigation Tech:
F6: Date:
A9: Controller ID | C9: Priority Repairs | E9: System Upgrades | G9: TOTAL
A11: A | C11: ='Controller A'!AT65 -> 0 | E11: ='Controller A'!AU66 -> 0 | G11: =SUM(C11+E11) -> 0
A12: B | C12: ='Controller B'!AT65 -> 0 | E12: ='Controller B'!AU66 -> 0 | G12: =SUM(C12+E12) -> 0
A13: c | C13: ='Controller C'!AT65 -> 0 | E13: ='Controller C'!AU66 -> 0 | G13: =SUM(C13+E13) -> 0
A14: D | C14: ='Controller D'!AT65 -> 0 | E14: ='Controller D'!AU66 -> 0 | G14: =SUM(C14+E14) -> 0
A15: F | C15: ='Controller E'!AT65 -> 0 | E15: ='Controller E'!AU66 -> 0 | G15: =SUM(C15+E15) -> 0
C22: =SUM(C11:D21) -> 0 | E22: =SUM(E11:F21) -> 0 | G22: =SUM(G11:H21) -> 0

Sheet Controller A
B1: \
E5: Controller has remote harness: | V5: SITE NAME/ADDRESS: | AD5: intuitive # 109
E6: Controller has Map: | V6: CONTROLLER NAME: | AD6: node
E7: Water Type | V7: CONTROLLER SERIAL NUMBER:
E8: Backflow Spec | V8: CONTROLLER MAKE & MODEL:
E9: Inspection Date: | N9: 46058 | V9: CONTROLLER LOCATION:
A11: Zone Description | C11: Plant Type | D11: Shrubs | E11: Turf | F11: Turf | G11: Shrubs | H11: Shrubs | AR11: TOTAL QTY. | AS11: UNIT COST | AT11: PRIORITY REPAIRS COST | AU11: SYSTEM REPAIRS COST
C12: Device Type | D12: Spray Head | E12: Mix Rotor | F12: Mix Rotor | G12: Spray Head | H12: Spray Head
C13: OHM Reading
C14: Stations | D14: 1 | E14: 2 | F14: 3 | G14: 4 | H14: 5 | I14: 6 | J14: 7 | K14: 8 | L14: 9 | M14: 10 | N14: 11 | O14: 12 | P14: 13 | Q14: 14 | R14: 15 | S14: 16 | T14: 17 | U14: 18 | V14: 19 | W14: 20 | X14: 21 | Y14: 22 | Z14: 23 | AA14: 24 | AB14: 25 | AC14: 26 | AD14: 27 | AE14: 28 | AF14: 29 | AG14: 30 | AH14: 31 | AI14: 32 | AJ14: 33 | AK14: 34 | AL14: 35 | AM14: 36 | AN14: 37 | AO14: 38 | AP14: 39 | AQ14: 40
Q15: HIGH PRIORITY REPAIRS
A16: Broken shrub riser | AR16: =SUM(D16:AQ16) -> 0 | AS16: 25 | AT16: =AR16*AS16 -> 0 | AU16: .
A17: Broken bubblers (tree) | AR17: =SUM(D17:AQ17) -> 0 | AS17: 25 | AT17: =AR17*AS17 -> 0 | AU17: .
A18: Broken drip emitters, tubing, etc. | AR18: =SUM(D18:AQ18) -> 0 | AS18: 20 | AT18: =AR18*AS18 -> 0 | AU18: .
A19: Drip filter mesh (Large) | AR19: =SUM(D19:AQ19) -> 0 | AS19: 60 | AT19: =AR19*AS19 -> 0 | AU19: .
A20: Drip filter mesh (Small) | AR20: =SUM(D20:AQ20) -> 0 | AS20: 31 | AT20: =AR20*AS20 -> 0 | AU20: .
A21: Drip filter housing (Large) | AR21: =SUM(D21:AQ21) -> 0 | AS21: 330 | AT21: =AR21*AS21 -> 0 | AU21: .
A22: Drip filter housing (Small) | AR22: =SUM(D22:AQ22) -> 0 | AS22: 250 | AT22: =AR22*AS22 -> 0 | AU22: .
A23: Broken 4" pop-up w/ nozzle | AR23: =SUM(D23:AQ23) -> 0 | AS23: 50 | AT23: =AR23*AS23 -> 0 | AU23: .
A24: Broken 6" pop-up w/ nozzle | AR24: =SUM(D24:AQ24) -> 0 | AS24: 68 | AT24: =AR24*AS24 -> 0 | AU24: .
A25: Broken 12" pop-up w/ nozzle | AR25: =SUM(D25:AQ25) -> 0 | AS25: 90 | AT25: =AR25*AS25 -> 0 | AU25: .
A26: Broken 4" rotor | AR26: =SUM(D26:AQ26) -> 0 | AS26: 82 | AT26: =AR26*AS26 -> 0 | AU26: .
A27: Broken 12" pop-up rotor | AR27: =SUM(D27:AQ27) -> 0 | AS27: 95 | AT27: =AR27*AS27 -> 0 | AU27: .
... A50: Bronze gate valve 2.5" | AR50: =SUM(D50:AQ50) -> 0 | AS50: 1885 | AT50: =AR50*AS50 -> 0 | AU50: .
A52: Quick coupler replacement 3/4" | AR52: =SUM(D52:AQ52) -> 0 | AS52: 360 | AT52: . | AU52: =AR52*AS52 -> 0
A53: Standard rectangular valve box w/ gravel and grease packs - open area | AR53: =SUM(D53:AQ53) -> 0 | AS53: 315 | AT53: . | AU53: =AR53*AS53 -> 0
A54: Jumbo rectangular valve box w/ gravel and grease packs - open area | AR54: =SUM(D54:AQ54) -> 0 | AS54: 365 | AT54: . | AU54: =AR54*AS54 -> 0
A55: Rootbound valve box - labor | AR55: =SUM(D55:AQ55) -> 0 | AS55: 300 | AT55: . | AU55: =AR55*AS55 -> 0
A56: Replace round 10" valve box | AR56: =SUM(D56:AQ56) -> 0 | AS56: 140 | AT56: . | AU56: =AR56*AS56 -> 0
A57: Box Lid - Rectangular | AR57: =SUM(D57:AQ57) -> 0 | AS57: 120 | AT57: . | AU57: =AR57*AS57 -> 0
A58: Box Lid - Round | AR58: =SUM(D58:AQ58) -> 0 | AS58: 110 | AT58: . | AU58: =AR58*AS58 -> 0
A59: Trench to add sprinkler - open area | AR59: =SUM(D59:AQ59) -> 0 | AS59: 300 | AT59: . | AU59: =AR59*AS59 -> 0
A60: Trench to add sprinkler - root area | AR60: =SUM(D60:AQ60) -> 0 | AS60: 400 | AT60: . | AU60: =AR60*AS60 -> 0
A61: 1 station battery timer | AR61: =SUM(D61:AQ61) -> 0 | AS61: 355 | AT61: . | AU61: =AR61*AS61 -> 0
A62: Level and reset valve box | AR62: =SUM(D62:AQ62) -> 0 | AS62: 150 | AT62: . | AU62: =AR62*AS62 -> 0
A63: Add-A-Zone | AR63: =SUM(D63:AQ63) -> 0 | AS63: 480 | AT63: . | AU63: =AR63*AS63 -> 0
AM65: REPAIRS TOTAL | AT65: =SUM(AT16:AT50) -> 0
AM66: SYSTEM UPGRADE TOTAL | AU66: =SUM(AU16:AU63) -> 0
AQ68: TOTAL ESTIMATE | AU68: =SUM(AT65+AU66) -> 0

Sheet Controller B
B1: \
E5: Controller has remote harness: | V5: SITE NAME/ADDRESS:
E6: Controller has Map: | V6: CONTROLLER NAME:
E7: Water Type | V7: CONTROLLER SERIAL NUMBER:
E8: Backflow Spec | V8: CONTROLLER MAKE & MODEL:
E9: Inspection Date: | V9: CONTROLLER LOCATION:
A11: Zone Description | C11: Plant Type | AR11: TOTAL QTY. | AS11: UNIT COST | AT11: PRIORITY REPAIRS COST | AU11: SYSTEM REPAIRS COST
C12: Device Type
C13: OHM Reading
C14: Stations | D14: 1 | E14: 2 | F14: 3 | G14: 4 | H14: 5 | I14: 6 | J14: 7 | K14: 8 | L14: 9 | M14: 10 | N14: 11 | O14: 12 | P14: 13 | Q14: 14 | R14: 15 | S14: 16 | T14: 17 | U14: 18 | V14: 19 | W14: 20 | X14: 21 | Y14: 22 | Z14: 23 | AA14: 24 | AB14: 25 | AC14: 26 | AD14: 27 | AE14: 28 | AF14: 29 | AG14: 30 | AH14: 31 | AI14: 32 | AJ14: 33 | AK14: 34 | AL14: 35 | AM14: 36 | AN14: 37 | AO14: 38 | AP14: 39 | AQ14: 40
Q15: HIGH PRIORITY REPAIRS
A16: Broken shrub riser | AR16: =SUM(D16:AQ16) -> 0 | AS16: 25 | AT16: =AR16*AS16 -> 0 | AU16: .
A17: Broken bubblers (tree) | AR17: =SUM(D17:AQ17) -> 0 | AS17: 25 | AT17: =AR17*AS17 -> 0 | AU17: .
A18: Broken drip emitters, tubing, etc. | AR18: =SUM(D18:AQ18) -> 0 | AS18: 20 | AT18: =AR18*AS18 -> 0 | AU18: .
A19: Drip filter mesh (Large) | AR19: =SUM(D19:AQ19) -> 0 | AS19: 60 | AT19: =AR19*AS19 -> 0 | AU19: .
A20: Drip filter mesh (Small) | AR20: =SUM(D20:AQ20) -> 0 | AS20: 31 | AT20: =AR20*AS20 -> 0 | AU20: .
A21: Drip filter housing (Large) | AR21: =SUM(D21:AQ21) -> 0 | AS21: 330 | AT21: =AR21*AS21 -> 0 | AU21: .
A22: Drip filter housing (Small) | AR22: =SUM(D22:AQ22) -> 0 | AS22: 250 | AT22: =AR22*AS22 -> 0 | AU22: .
A23: Broken 4" pop-up w/ nozzle | AR23: =SUM(D23:AQ23) -> 0 | AS23: 50 | AT23: =AR23*AS23 -> 0 | AU23: .
A24: Broken 6" pop-up w/ nozzle | AR24: =SUM(D24:AQ24) -> 0 | AS24: 68 | AT24: =AR24*AS24 -> 0 | AU24: .
A25: Broken 12" pop-up w/ nozzle | AR25: =SUM(D25:AQ25) -> 0 | AS25: 90 | AT25: =AR25*AS25 -> 0 | AU25: .
A26: Broken 4" rotor | AR26: =SUM(D26:AQ26) -> 0 | AS26: 82 | AT26: =AR26*AS26 -> 0 | AU26: .
A27: Broken 12" pop-up rotor | AR27: =SUM(D27:AQ27) -> 0 | AS27: 95 | AT27: =AR27*AS27 -> 0 | AU27: .
... A50: Bronze gate valve 2.5" | AR50: =SUM(D50:AQ50) -> 0 | AS50: 1885 | AT50: =AR50*AS50 -> 0 | AU50: .
A52: Quick coupler replacement 3/4" | AR52: =SUM(D52:AQ52) -> 0 | AS52: 360 | AT52: . | AU52: =AR52*AS52 -> 0
A53: Standard rectangular valve box w/ gravel and grease packs - open area | AR53: =SUM(D53:AQ53) -> 0 | AS53: 315 | AT53: . | AU53: =AR53*AS53 -> 0
A54: Jumbo rectangular valve box w/ gravel and grease packs - open area | AR54: =SUM(D54:AQ54) -> 0 | AS54: 365 | AT54: . | AU54: =AR54*AS54 -> 0
A55: Rootbound valve box - labor | AR55: =SUM(D55:AQ55) -> 0 | AS55: 300 | AT55: . | AU55: =AR55*AS55 -> 0
A56: Replace round 10" valve box | AR56: =SUM(D56:AQ56) -> 0 | AS56: 140 | AT56: . | AU56: =AR56*AS56 -> 0
A57: Box Lid - Rectangular | AR57: =SUM(D57:AQ57) -> 0 | AS57: 120 | AT57: . | AU57: =AR57*AS57 -> 0
A58: Box Lid - Round | AR58: =SUM(D58:AQ58) -> 0 | AS58: 110 | AT58: . | AU58: =AR58*AS58 -> 0
A59: Trench to add sprinkler - open area | AR59: =SUM(D59:AQ59) -> 0 | AS59: 300 | AT59: . | AU59: =AR59*AS59 -> 0
A60: Trench to add sprinkler - root area | AR60: =SUM(D60:AQ60) -> 0 | AS60: 400 | AT60: . | AU60: =AR60*AS60 -> 0
A61: 1 station battery timer | AR61: =SUM(D61:AQ61) -> 0 | AS61: 355 | AT61: . | AU61: =AR61*AS61 -> 0
A62: Level and reset valve box | AR62: =SUM(D62:AQ62) -> 0 | AS62: 150 | AT62: . | AU62: =AR62*AS62 -> 0
A63: Add-A-Zone | AR63: =SUM(D63:AQ63) -> 0 | AS63: 480 | AT63: . | AU63: =AR63*AS63 -> 0
AM65: REPAIRS TOTAL | AT65: =SUM(AT16:AT50) -> 0
AM66: SYSTEM UPGRADE TOTAL | AU66: =SUM(AU16:AU63) -> 0
AQ68: TOTAL ESTIMATE | AU68: =SUM(AT65+AU66) -> 0

Sheet Controller C
B1: \
E5: Controller has remote harness: | V5: SITE NAME/ADDRESS:
E6: Controller has Map: | V6: CONTROLLER NAME:
E7: Water Type | V7: CONTROLLER SERIAL NUMBER:
E8: Backflow Spec | V8: CONTROLLER MAKE & MODEL:
E9: Inspection Date: | V9: CONTROLLER LOCATION:
A11: Zone Description | C11: Plant Type | AR11: TOTAL QTY. | AS11: UNIT COST | AT11: PRIORITY REPAIRS COST | AU11: SYSTEM REPAIRS COST
C12: Device Type
C13: OHM Reading
C14: Stations | D14: 1 | E14: 2 | F14: 3 | G14: 4 | H14: 5 | I14: 6 | J14: 7 | K14: 8 | L14: 9 | M14: 10 | N14: 11 | O14: 12 | P14: 13 | Q14: 14 | R14: 15 | S14: 16 | T14: 17 | U14: 18 | V14: 19 | W14: 20 | X14: 21 | Y14: 22 | Z14: 23 | AA14: 24 | AB14: 25 | AC14: 26 | AD14: 27 | AE14: 28 | AF14: 29 | AG14: 30 | AH14: 31 | AI14: 32 | AJ14: 33 | AK14: 34 | AL14: 35 | AM14: 36 | AN14: 37 | AO14: 38 | AP14: 39 | AQ14: 40
Q15: HIGH PRIORITY REPAIRS
A16: Broken shrub riser | AR16: =SUM(D16:AQ16) -> 0 | AS16: 25 | AT16: =AR16*AS16 -> 0 | AU16: .
A17: Broken bubblers (tree) | AR17: =SUM(D17:AQ17) -> 0 | AS17: 25 | AT17: =AR17*AS17 -> 0 | AU17: .
A18: Broken drip emitters, tubing, etc. | AR18: =SUM(D18:AQ18) -> 0 | AS18: 20 | AT18: =AR18*AS18 -> 0 | AU18: .
A19: Drip filter mesh (Large) | AR19: =SUM(D19:AQ19) -> 0 | AS19: 60 | AT19: =AR19*AS19 -> 0 | AU19: .
A20: Drip filter mesh (Small) | AR20: =SUM(D20:AQ20) -> 0 | AS20: 31 | AT20: =AR20*AS20 -> 0 | AU20: .
A21: Drip filter housing (Large) | AR21: =SUM(D21:AQ21) -> 0 | AS21: 330 | AT21: =AR21*AS21 -> 0 | AU21: .
A22: Drip filter housing (Small) | AR22: =SUM(D22:AQ22) -> 0 | AS22: 250 | AT22: =AR22*AS22 -> 0 | AU22: .
A23: Broken 4" pop-up w/ nozzle | AR23: =SUM(D23:AQ23) -> 0 | AS23: 50 | AT23: =AR23*AS23 -> 0 | AU23: .
A24: Broken 6" pop-up w/ nozzle | AR24: =SUM(D24:AQ24) -> 0 | AS24: 68 | AT24: =AR24*AS24 -> 0 | AU24: .
A25: Broken 12" pop-up w/ nozzle | AR25: =SUM(D25:AQ25) -> 0 | AS25: 90 | AT25: =AR25*AS25 -> 0 | AU25: .
A26: Broken 4" rotor | AR26: =SUM(D26:AQ26) -> 0 | AS26: 82 | AT26: =AR26*AS26 -> 0 | AU26: .
A27: Broken 12" pop-up rotor | AR27: =SUM(D27:AQ27) -> 0 | AS27: 95 | AT27: =AR27*AS27 -> 0 | AU27: .
... A50: Bronze gate valve 2.5" | AR50: =SUM(D50:AQ50) -> 0 | AS50: 1885 | AT50: =AR50*AS50 -> 0 | AU50: .
A52: Quick coupler replacement 3/4" | AR52: =SUM(D52:AQ52) -> 0 | AS52: 360 | AT52: . | AU52: =AR52*AS52 -> 0
A53: Standard rectangular valve box w/ gravel and grease packs - open area | AR53: =SUM(D53:AQ53) -> 0 | AS53: 315 | AT53: . | AU53: =AR53*AS53 -> 0
A54: Jumbo rectangular valve box w/ gravel and grease packs - open area | AR54: =SUM(D54:AQ54) -> 0 | AS54: 365 | AT54: . | AU54: =AR54*AS54 -> 0
A55: Rootbound valve box - labor | AR55: =SUM(D55:AQ55) -> 0 | AS55: 300 | AT55: . | AU55: =AR55*AS55 -> 0
A56: Replace round 10" valve box | AR56: =SUM(D56:AQ56) -> 0 | AS56: 140 | AT56: . | AU56: =AR56*AS56 -> 0
A57: Box Lid - Rectangular | AR57: =SUM(D57:AQ57) -> 0 | AS57: 120 | AT57: . | AU57: =AR57*AS57 -> 0
A58: Box Lid - Round | AR58: =SUM(D58:AQ58) -> 0 | AS58: 110 | AT58: . | AU58: =AR58*AS58 -> 0
A59: Trench to add sprinkler - open area | AR59: =SUM(D59:AQ59) -> 0 | AS59: 300 | AT59: . | AU59: =AR59*AS59 -> 0
A60: Trench to add sprinkler - root area | AR60: =SUM(D60:AQ60) -> 0 | AS60: 400 | AT60: . | AU60: =AR60*AS60 -> 0
A61: 1 station battery timer | AR61: =SUM(D61:AQ61) -> 0 | AS61: 355 | AT61: . | AU61: =AR61*AS61 -> 0
A62: Level and reset valve box | AR62: =SUM(D62:AQ62) -> 0 | AS62: 150 | AT62: . | AU62: =AR62*AS62 -> 0
A63: Add-A-Zone | AR63: =SUM(D63:AQ63) -> 0 | AS63: 480 | AT63: . | AU63: =AR63*AS63 -> 0
AM65: REPAIRS TOTAL | AT65: =SUM(AT16:AT50) -> 0
AM66: SYSTEM UPGRADE TOTAL | AU66: =SUM(AU16:AU63) -> 0
AQ68: TOTAL ESTIMATE | AU68: =SUM(AT65+AU66) -> 0

Sheet Controller D
B1: \
E5: Controller has remote harness: | V5: SITE NAME/ADDRESS:
E6: Controller has Map: | V6: CONTROLLER NAME:
E7: Water Type | V7: CONTROLLER SERIAL NUMBER:
E8: Backflow Spec | V8: CONTROLLER MAKE & MODEL:
E9: Inspection Date: | V9: CONTROLLER LOCATION:
A11: Zone Description | C11: Plant Type | AR11: TOTAL QTY. | AS11: UNIT COST | AT11: PRIORITY REPAIRS COST | AU11: SYSTEM REPAIRS COST
C12: Device Type
C13: OHM Reading
C14: Stations | D14: 1 | E14: 2 | F14: 3 | G14: 4 | H14: 5 | I14: 6 | J14: 7 | K14: 8 | L14: 9 | M14: 10 | N14: 11 | O14: 12 | P14: 13 | Q14: 14 | R14: 15 | S14: 16 | T14: 17 | U14: 18 | V14: 19 | W14: 20 | X14: 21 | Y14: 22 | Z14: 23 | AA14: 24 | AB14: 25 | AC14: 26 | AD14: 27 | AE14: 28 | AF14: 29 | AG14: 30 | AH14: 31 | AI14: 32 | AJ14: 33 | AK14: 34 | AL14: 35 | AM14: 36 | AN14: 37 | AO14: 38 | AP14: 39 | AQ14: 40
Q15: HIGH PRIORITY REPAIRS
A16: Broken shrub riser | AR16: =SUM(D16:AQ16) -> 0 | AS16: 25 | AT16: =AR16*AS16 -> 0 | AU16: .
A17: Broken bubblers (tree) | AR17: =SUM(D17:AQ17) -> 0 | AS17: 25 | AT17: =AR17*AS17 -> 0 | AU17: .
A18: Broken drip emitters, tubing, etc. | AR18: =SUM(D18:AQ18) -> 0 | AS18: 20 | AT18: =AR18*AS18 -> 0 | AU18: .
A19: Drip filter mesh (Large) | AR19: =SUM(D19:AQ19) -> 0 | AS19: 60 | AT19: =AR19*AS19 -> 0 | AU19: .
A20: Drip filter mesh (Small) | AR20: =SUM(D20:AQ20) -> 0 | AS20: 31 | AT20: =AR20*AS20 -> 0 | AU20: .
A21: Drip filter housing (Large) | AR21: =SUM(D21:AQ21) -> 0 | AS21: 330 | AT21: =AR21*AS21 -> 0 | AU21: .
A22: Drip filter housing (Small) | AR22: =SUM(D22:AQ22) -> 0 | AS22: 250 | AT22: =AR22*AS22 -> 0 | AU22: .
A23: Broken 4" pop-up w/ nozzle | AR23: =SUM(D23:AQ23) -> 0 | AS23: 50 | AT23: =AR23*AS23 -> 0 | AU23: .
A24: Broken 6" pop-up w/ nozzle | AR24: =SUM(D24:AQ24) -> 0 | AS24: 68 | AT24: =AR24*AS24 -> 0 | AU24: .
A25: Broken 12" pop-up w/ nozzle | AR25: =SUM(D25:AQ25) -> 0 | AS25: 90 | AT25: =AR25*AS25 -> 0 | AU25: .
A26: Broken 4" rotor | AR26: =SUM(D26:AQ26) -> 0 | AS26: 82 | AT26: =AR26*AS26 -> 0 | AU26: .
A27: Broken 12" pop-up rotor | AR27: =SUM(D27:AQ27) -> 0 | AS27: 95 | AT27: =AR27*AS27 -> 0 | AU27: .
... A50: Bronze gate valve 2.5" | AR50: =SUM(D50:AQ50) -> 0 | AS50: 1885 | AT50: =AR50*AS50 -> 0 | AU50: .
A52: Quick coupler replacement 3/4" | AR52: =SUM(D52:AQ52) -> 0 | AS52: 360 | AT52: . | AU52: =AR52*AS52 -> 0
A53: Standard rectangular valve box w/ gravel and grease packs - open area | AR53: =SUM(D53:AQ53) -> 0 | AS53: 315 | AT53: . | AU53: =AR53*AS53 -> 0
A54: Jumbo rectangular valve box w/ gravel and grease packs - open area | AR54: =SUM(D54:AQ54) -> 0 | AS54: 365 | AT54: . | AU54: =AR54*AS54 -> 0
A55: Rootbound valve box - labor | AR55: =SUM(D55:AQ55) -> 0 | AS55: 300 | AT55: . | AU55: =AR55*AS55 -> 0
A56: Replace round 10" valve box | AR56: =SUM(D56:AQ56) -> 0 | AS56: 140 | AT56: . | AU56: =AR56*AS56 -> 0
A57: Box Lid - Rectangular | AR57: =SUM(D57:AQ57) -> 0 | AS57: 120 | AT57: . | AU57: =AR57*AS57 -> 0
A58: Box Lid - Round | AR58: =SUM(D58:AQ58) -> 0 | AS58: 110 | AT58: . | AU58: =AR58*AS58 -> 0
A59: Trench to add sprinkler - open area | AR59: =SUM(D59:AQ59) -> 0 | AS59: 300 | AT59: . | AU59: =AR59*AS59 -> 0
A60: Trench to add sprinkler - root area | AR60: =SUM(D60:AQ60) -> 0 | AS60: 400 | AT60: . | AU60: =AR60*AS60 -> 0
A61: 1 station battery timer | AR61: =SUM(D61:AQ61) -> 0 | AS61: 355 | AT61: . | AU61: =AR61*AS61 -> 0
A62: Level and reset valve box | AR62: =SUM(D62:AQ62) -> 0 | AS62: 150 | AT62: . | AU62: =AR62*AS62 -> 0
A63: Add-A-Zone | AR63: =SUM(D63:AQ63) -> 0 | AS63: 480 | AT63: . | AU63: =AR63*AS63 -> 0
AM65: REPAIRS TOTAL | AT65: =SUM(AT16:AT50) -> 0
AM66: SYSTEM UPGRADE TOTAL | AU66: =SUM(AU16:AU63) -> 0
AQ68: TOTAL ESTIMATE | AU68: =SUM(AT65+AU66) -> 0

Sheet Controller E
B1: \
E5: Controller has remote harness: | V5: SITE NAME/ADDRESS:
E6: Controller has Map: | V6: CONTROLLER NAME:
E7: Water Type | V7: CONTROLLER SERIAL NUMBER:
E8: Backflow Spec | V8: CONTROLLER MAKE & MODEL:
E9: Inspection Date: | V9: CONTROLLER LOCATION:
A11: Zone Description | C11: Plant Type | AR11: TOTAL QTY. | AS11: UNIT COST | AT11: PRIORITY REPAIRS COST | AU11: SYSTEM REPAIRS COST
C12: Device Type
C13: OHM Reading
C14: Stations | D14: 1 | E14: 2 | F14: 3 | G14: 4 | H14: 5 | I14: 6 | J14: 7 | K14: 8 | L14: 9 | M14: 10 | N14: 11 | O14: 12 | P14: 13 | Q14: 14 | R14: 15 | S14: 16 | T14: 17 | U14: 18 | V14: 19 | W14: 20 | X14: 21 | Y14: 22 | Z14: 23 | AA14: 24 | AB14: 25 | AC14: 26 | AD14: 27 | AE14: 28 | AF14: 29 | AG14: 30 | AH14: 31 | AI14: 32 | AJ14: 33 | AK14: 34 | AL14: 35 | AM14: 36 | AN14: 37 | AO14: 38 | AP14: 39 | AQ14: 40
Q15: HIGH PRIORITY REPAIRS
A16: Broken shrub riser | AR16: =SUM(D16:AQ16) -> 0 | AS16: 25 | AT16: =AR16*AS16 -> 0 | AU16: .
A17: Broken bubblers (tree) | AR17: =SUM(D17:AQ17) -> 0 | AS17: 25 | AT17: =AR17*AS17 -> 0 | AU17: .
A18: Broken drip emitters, tubing, etc. | AR18: =SUM(D18:AQ18) -> 0 | AS18: 20 | AT18: =AR18*AS18 -> 0 | AU18: .
A19: Drip filter mesh (Large) | AR19: =SUM(D19:AQ19) -> 0 | AS19: 60 | AT19: =AR19*AS19 -> 0 | AU19: .
A20: Drip filter mesh (Small) | AR20: =SUM(D20:AQ20) -> 0 | AS20: 31 | AT20: =AR20*AS20 -> 0 | AU20: .
A21: Drip filter housing (Large) | AR21: =SUM(D21:AQ21) -> 0 | AS21: 330 | AT21: =AR21*AS21 -> 0 | AU21: .
A22: Drip filter housing (Small) | AR22: =SUM(D22:AQ22) -> 0 | AS22: 250 | AT22: =AR22*AS22 -> 0 | AU22: .
A23: Broken 4" pop-up w/ nozzle | AR23: =SUM(D23:AQ23) -> 0 | AS23: 50 | AT23: =AR23*AS23 -> 0 | AU23: .
A24: Broken 6" pop-up w/ nozzle | AR24: =SUM(D24:AQ24) -> 0 | AS24: 68 | AT24: =AR24*AS24 -> 0 | AU24: .
A25: Broken 12" pop-up w/ nozzle | AR25: =SUM(D25:AQ25) -> 0 | AS25: 90 | AT25: =AR25*AS25 -> 0 | AU25: .
A26: Broken 4" rotor | AR26: =SUM(D26:AQ26) -> 0 | AS26: 82 | AT26: =AR26*AS26 -> 0 | AU26: .
A27: Broken 12" pop-up rotor | AR27: =SUM(D27:AQ27) -> 0 | AS27: 95 | AT27: =AR27*AS27 -> 0 | AU27: .
... A50: Bronze gate valve 2.5" | AR50: =SUM(D50:AQ50) -> 0 | AS50: 1885 | AT50: =AR50*AS50 -> 0 | AU50: .
A52: Quick coupler replacement 3/4" | AR52: =SUM(D52:AQ52) -> 0 | AS52: 360 | AT52: . | AU52: =AR52*AS52 -> 0
A53: Standard rectangular valve box w/ gravel and grease packs - open area | AR53: =SUM(D53:AQ53) -> 0 | AS53: 315 | AT53: . | AU53: =AR53*AS53 -> 0
A54: Jumbo rectangular valve box w/ gravel and grease packs - open area | AR54: =SUM(D54:AQ54) -> 0 | AS54: 365 | AT54: . | AU54: =AR54*AS54 -> 0
A55: Rootbound valve box - labor | AR55: =SUM(D55:AQ55) -> 0 | AS55: 300 | AT55: . | AU55: =AR55*AS55 -> 0
A56: Replace round 10" valve box | AR56: =SUM(D56:AQ56) -> 0 | AS56: 140 | AT56: . | AU56: =AR56*AS56 -> 0
A57: Box Lid - Rectangular | AR57: =SUM(D57:AQ57) -> 0 | AS57: 120 | AT57: . | AU57: =AR57*AS57 -> 0
A58: Box Lid - Round | AR58: =SUM(D58:AQ58) -> 0 | AS58: 110 | AT58: . | AU58: =AR58*AS58 -> 0
A59: Trench to add sprinkler - open area | AR59: =SUM(D59:AQ59) -> 0 | AS59: 300 | AT59: . | AU59: =AR59*AS59 -> 0
A60: Trench to add sprinkler - root area | AR60: =SUM(D60:AQ60) -> 0 | AS60: 400 | AT60: . | AU60: =AR60*AS60 -> 0
A61: 1 station battery timer | AR61: =SUM(D61:AQ61) -> 0 | AS61: 355 | AT61: . | AU61: =AR61*AS61 -> 0
A62: Level and reset valve box | AR62: =SUM(D62:AQ62) -> 0 | AS62: 150 | AT62: . | AU62: =AR62*AS62 -> 0
A63: Add-A-Zone | AR63: =SUM(D63:AQ63) -> 0 | AS63: 480 | AT63: . | AU63: =AR63*AS63 -> 0
AM65: REPAIRS TOTAL | AT65: =SUM(AT16:AT50) -> 0
AM66: SYSTEM UPGRADE TOTAL | AU66: =SUM(AU16:AU63) -> 0
AQ68: TOTAL ESTIMATE | AU68: =SUM(AT65+AU66) -> 0

Sheet Sheet3
